{
  "scopeName": "text.SugarCode",
  "patterns": [
    {
      "include": "#value"
    }
  ],
  "repository": {
    "comment": {
      "begin": "#",
      "end": "#",
      "name": "comment.block.SugarCode"
    },
    "variable": {
      "patterns": [
        {
          "match": "(\"<)([a-zA-Z_][a-zA-Z0-9_]*)(>\")",
          "captures": {
            "1": {
              "name": "string.quoted.double.SugarCode"
            },
            "2": {
              "name": "variable.other.SugarCode"
            },
            "3": {
              "name": "string.quoted.double.SugarCode"
            }
          }
        },
        {
          "match": "(\"\\[)([a-zA-Z_][a-zA-Z0-9_]*)(\\]\")",
          "captures": {
            "1": {
              "name": "string.quoted.double.SugarCode"
            },
            "2": {
              "name": "variable.other.SugarCode"
            },
            "3": {
              "name": "string.quoted.double.SugarCode"
            }
          }
        },
        {
          "match": "(\"{)([a-zA-Z_][a-zA-Z0-9_]*)(}\")",
          "captures": {
            "1": {
              "name": "string.quoted.double.SugarCode"
            },
            "2": {
              "name": "variable.other.SugarCode"
            },
            "3": {
              "name": "string.quoted.double.SugarCode"
            }
          }
        },
        {
          "match": "(\")(_[MA])(.+)(\")",
          "captures": {
            "1": {
              "name": "string.quoted.double.SugarCode"
            },
            "2": {
              "name": "keyword.other.SugarCode"
            },
            "3": {
              "name": "variable.other.SugarCode"
            },
            "4": {
              "name": "string.quoted.double.SugarCode"
            }
          }
        },
        {
          "match": "(\")(_temp)(.+)(\")",
          "captures": {
            "1": {
              "name": "string.quoted.double.SugarCode"
            },
            "2": {
              "name": "keyword.other.SugarCode"
            },
            "3": {
              "name": "variable.other.SugarCode"
            },
            "4": {
              "name": "string.quoted.double.SugarCode"
            }
          }
        },
        {
          "match": "(\")(_equ[MA])(weapon|defend|super_weapon|decorations|medal|engraving)(\")",
          "captures": {
            "1": {
              "name": "string.quoted.double.SugarCode"
            },
            "2": {
              "name": "keyword.other.SugarCode"
            },
            "3": {
              "name": "variable.other.SugarCode"
            },
            "4": {
              "name": "string.quoted.double.SugarCode"
            }
          }
        },
        {
          "match": "(\")(_other)(myName|aimName|[MA]wei2?)(\")",
          "captures": {
            "1": {
              "name": "string.quoted.double.SugarCode"
            },
            "2": {
              "name": "keyword.other.SugarCode"
            },
            "3": {
              "name": "variable.other.SugarCode"
            },
            "4": {
              "name": "string.quoted.double.SugarCode"
            }
          }
        }
      ]
    },
    "number": {
      "match": "-?\\b\\d+(\\.\\d+)?",
      "name": "constant.numeric.SugarCode"
    },
    "string": {
      "begin": "\"",
      "end": "\"",
      "name": "string.quoted.double.SugarCode",
      "patterns": [
        {
          "match": "\\\\[\"\\\\/bfnrt]",
          "name": "constant.character.escape.SugarCode"
        },
        {
          "match": "<n>",
          "name": "constant.character.escape.SugarCode"
        }
      ]
    },
    "constant": {
      "match": "\\b[TF]\\b",
      "name": "constant.language.SugarCode"
    },
    "function": {
      "match": "(>)(min_coin|max_coin|act_weight|pass_weight|Aact_weight|Apass_weight|speed|attact|trueAttact|defense|fre|costFre|SeeChaMay|SeeCha|pro_get|get_coin|get_coin_random|AllToAct|coinMp|loseCoinMp|toMeCoinMp|toMeLoseCoinMp|appendString|appendString2|endAll|endNumber|minCoin|delBuff|addBuff|expGetPro|changeBuffSelf|proAW|proPW|proAttact|proTrueAttact|proDefense|proSpeed|addweatherSelfToAW|addweatherSelfToPW|miniItemNumChange|addGselfDvaLevel|noPrCoin|canNotCountinue|addLabelNumToTempNum|SetNum|NumAdd|NumDec|NumMul|NumDiv|NumRound|DelNum|powerAdd|noFreCost|numChange-S|newTempNum|tempNumChange|removeCard|setEquUseTime|hpAdd|changeTime|changeRound|changeDeep|addDeepToAW|decDeepToAW|addDeepToPW|decDeepToPW|addSelfToTempNum|PushNewEventToSystem|ImoprtSgc|aim_lv|aim_pro|aim_coin|WeValueDiff|WeValueDiff2|randomNum|proba|needMode|attactModeNeed|minCoin|haveBuff|buffLayerNeed|weightNeed|equNeed|suitNeed|weatherNeed|weatherLabelNeed|weatherSelfNeed|preTimeNeed|miniItemNeed|powerNeed|hpNeed|equRuneNeed|equRuneLevelNeed|equRuneStoneNeed|equLabelNeed|equLabelNumNeed|TimeNeed|RoundNeed|DeepNeed|cprNums|fixEquNeed|fixEquTypeNeed|pass)\\s*(\\|)",
      "captures": {
        "1": {
          "name": "keyword.other.SugarCode"
        },
        "2": {
          "name": "support.function.SugarCode"
        },
        "3": {
          "name": "keyword.other.SugarCode"
        }
      }
    },
    "value": {
      "patterns": [
        {
          "include": "#comment"
        },
        {
          "include": "#variable"
        },
        {
          "include": "#number"
        },
        {
          "include": "#string"
        },
        {
          "include": "#constant"
        },
        {
          "include": "#function"
        }
      ]
    }
  }
}